[{"client_id":2,"created_at":"2012-10-10T11:07:04Z","id":7,"number":"1/01/2012","paid":false,"payment_deadline":"2012-10-10","payment_type":"przelew","print_date":"2012-10-10","sell_date":"2012-10-10","updated_at":"2012-10-10T11:07:04Z","user_id":1},{"client_id":4,"created_at":"2012-10-10T11:07:20Z","id":8,"number":"2/01/2012","paid":false,"payment_deadline":"2012-10-10","payment_type":"przelew","print_date":"2012-10-10","sell_date":"2012-10-10","updated_at":"2012-10-10T11:07:20Z","user_id":1},{"client_id":5,"created_at":"2012-10-10T11:07:37Z","id":9,"number":"03/02/2012","paid":false,"payment_deadline":"2012-10-10","payment_type":"got\u00f3wka","print_date":"2012-10-10","sell_date":"2012-10-10","updated_at":"2012-10-10T11:07:37Z","user_id":1},{"client_id":6,"created_at":"2012-10-16T13:00:48Z","id":10,"number":"8888","paid":true,"payment_deadline":"2012-10-16","payment_type":"got\u00f3wka","print_date":"2012-10-16","sell_date":"2012-10-16","updated_at":"2012-10-16T13:00:48Z","user_id":1}]